Hours_Light,Intensity_Light,Peak_Light,Mood_Score
128,128,128,24.67
128,128,128,28.33
33,155,114.6111111,20.67
33,155,114.6111111,20.67